long,lat
110.3199904,20.00513808
110.325027,20.01078523
110.5767521,19.95222833
110.3150925,20.03520117
110.2903723,19.99099911
110.2986332,20.02415241
110.2565779,20.0268406
110.3443824,19.98933606
110.3595099,19.98990415
110.313592,20.02856742
110.3065468,20.02579866
110.3433322,20.03637603
110.3514437,20.0653347
110.3276144,20.0267966
110.3403088,20.05411626
110.2916354,20.02619559
110.2996787,20.01497112
110.3307369,20.01701152
110.3362459,20.03115582
110.3239051,19.99857422
110.3337543,20.05331188
110.3331049,20.0119418
110.3695271,20.01677153
110.2832097,20.01834802
110.3539405,20.00983355
110.3411863,20.06501563
110.3151408,20.02665099
110.2787906,20.01934175
110.3744806,20.0182009
110.3246409,20.00840399
110.278203,20.00547884
110.2882988,20.02587489
110.3293887,20.02166595
110.3095696,20.02564824
110.3148285,20.02615815
110.3184354,20.03099748
110.3193655,20.03025612
110.3197377,20.03003423
110.3120664,20.0262973
110.3139472,20.02863883
110.2785468,20.02058003
110.3196559,20.04750987
110.3212727,20.04132771
110.3319705,20.04990445
110.3325421,20.05185598
110.32138,20.03092288
110.3238759,20.02277838
110.3460915,20.03245782
110.3213343,20.02646426
110.3242717,20.02954725
110.3187412,20.02306932
110.3228183,20.02162043
110.2855745,20.01460304
110.3530452,20.0311117
110.3330535,20.04100002
110.3346117,20.02877193
110.3551472,20.02816881
110.3448632,20.03146219
110.2772052,20.00671687
110.3326036,20.03945059
110.3355793,20.03293656
110.3364282,20.0370884
110.3449668,20.03450553
110.3418794,20.03500855
110.3394322,20.02641293
110.316626,20.01796503
110.345662,20.02185878
110.3465042,20.02121075
110.2848053,20.00239484
110.3295511,20.02612235
110.3587932,20.02731633
110.3012533,20.00364015
110.2997044,19.9998345
110.3555993,19.99096116
110.3150247,20.03409438
110.3043571,20.02552117
110.3320449,20.03825867
110.2267199,20.04293079
110.2298423,20.04072245
110.3479572,20.05872927
110.2885116,20.02244576
110.3576293,20.03033665
110.3491176,20.04302125
110.3485178,20.02548776
110.3331749,20.02756565
110.3436487,20.03283252
110.3042519,20.01444315
110.3325537,20.03998813
110.3287724,20.03398235
110.3350117,20.03047959
110.3206858,20.04463856
110.3281409,20.07036863
110.3591755,19.99018289
110.2961798,20.02024997
110.2952215,20.01987711
110.3223597,20.03305379
110.3247083,20.03679543
110.3271946,20.03976716
110.3099178,20.00703115
110.3570463,20.0321871
110.3447105,20.03192985
110.3388512,20.03111191
110.3351949,20.03901232
110.339653,20.03937527
110.3433908,20.06055392
110.3351704,20.02867879
110.3296311,20.02278943
110.3382482,20.03641043
110.3382685,20.06869507
110.3383856,20.02364458
110.2946772,20.02566774
110.3107702,20.02443809
110.1832352,20.06170066
110.2640982,19.99768241
110.3339479,20.03341804
110.2635286,19.99771974
110.2627112,19.99720872
110.3596325,19.99317969
110.3512361,20.0270844
110.3478494,20.05872745
110.3066696,20.00478499
110.3571709,20.03477205
110.3357099,20.03543939
110.3351518,20.06086447
110.3374852,20.06885667
110.2879578,19.99699234
110.3705992,20.04077613
110.3701949,20.03965669
110.370115,20.0400291
110.3146109,20.02701026
110.3178198,20.03057828
110.320915,20.03089473
110.3147865,20.02749634
110.318649,20.03070783
110.2921814,20.02801733
110.313086,20.03027175
110.2389684,20.03023403
110.3368566,20.03037503
110.3369561,20.05490716
110.3059659,20.02601084
110.3261278,20.06356186
110.3369899,20.05777246
110.3145321,20.02625177
110.2830342,20.01371437
110.3419257,19.98864095
110.340561,20.00126094
110.3107208,19.99562024
110.2391182,20.03469179
110.3257047,20.04382736
110.2937531,20.01983326
110.3523808,20.0267602
110.3480901,20.01746684
110.3508461,20.04163814
110.2954241,20.02090766
110.3049847,20.02894695
110.3422231,20.06381374
110.288575,20.03191554
110.3487798,20.05347549
110.3362859,20.03036009
110.3228358,20.03143755
110.3563716,19.99500028
110.3335945,20.0370307
110.3460968,20.02716742
110.2905022,20.02723304
110.3563371,20.00462934
110.3097979,20.03086116
110.3371416,20.05691647
110.2967438,20.02086862
110.3558638,20.02793646
110.3140701,20.02724444
110.3369311,19.99802401
110.3175039,20.02357005
110.3353952,20.06235224
110.3203577,20.02293017
110.33257,20.03398212
110.3572066,19.98217831
110.3209813,19.90609955
110.1886194,20.05777522
110.1911259,20.05873646
110.3383217,20.06257393
110.3225172,19.99798136
110.2858294,20.00878889
110.3187505,19.89939432
110.3263992,19.90795677
110.2923712,19.86890551
110.1881224,20.06057264
110.33532,20.03146482
110.3336176,20.03444952
110.2974569,20.03218892
110.2968517,20.01837539
110.3782665,19.99798822
110.1919353,20.05934437
110.3065936,20.02685646
110.1917148,20.06058501
110.1890701,20.06080953
110.3528822,20.03773547
110.355076,20.03542394
110.5224787,19.96217592
110.3946405,19.98090735
110.3465567,19.9904601
110.3455882,20.02014049
110.1866547,20.05968326
110.2981514,20.01754268
110.3464396,20.05529811
110.3531802,20.02623343
110.3700395,20.0130548
110.2963394,19.98368435
110.3134523,20.02805224
110.1591653,20.02959587
110.3202176,20.02933975
110.3523362,20.04045163
110.3282617,20.06938459
110.3152766,20.04403015
110.2913792,20.0179461
110.344179,20.02382008
110.3273934,19.99726749
110.3442689,20.06152113
110.3540642,20.01088722
110.3452779,20.05756806
110.2771218,19.99699487
110.258626,20.00707959
110.3320697,20.00217265
110.3255,19.98959872
110.2949834,19.99095043
110.3531865,20.00205833
110.3346476,20.00881829
110.2958514,19.98134915
110.3465045,20.03468993
110.3352849,20.03351859
110.3096089,20.01887454
110.3499138,20.0657987
110.3008475,19.99571423
110.4271152,19.95260664
110.3128424,20.03322565
110.3054798,20.02791425
110.2810716,20.02041619
110.3328215,20.07098823
110.3451623,20.05509922
110.2879629,20.03476271
110.3134836,20.04174354
110.1945318,20.05966611
110.3162295,20.00607688
110.3162085,20.00693764
110.2986143,20.02280131
110.3498796,20.05081339
110.362701,19.99057097
110.3378426,19.98973142
110.2799681,19.99865631
110.3602463,20.0135717
110.3591107,20.02587265
110.2976838,19.98698902
110.3486468,20.03921292
110.3314343,20.03724499
110.2812055,20.01762071
110.3511279,20.03494511
110.3303836,20.01904288
110.3209148,20.01529478
110.3284525,20.06488752
110.340362,20.02966991
110.329535,20.06741854
110.2465967,19.77279036
110.2774596,20.01241435
110.3298024,20.02945663
110.3331376,20.07472269
110.3459181,20.02770518
110.3378804,20.04961605
110.3384997,20.07427023
110.2396396,20.0292745
110.3312508,20.01736984
110.3087031,20.03027861
110.3749107,19.96627733
110.328025,19.99798188
110.2973725,19.98475064
110.2831874,20.02613651
110.3330227,20.03874621
110.343162,20.06638515
110.3272847,19.9957114
110.3010171,19.9775849
110.3169044,20.0179565
110.2525137,20.01631058
110.3339453,20.00630853
110.3386066,20.03402478
110.3591911,20.03443663
110.2967909,19.99778637
110.3031021,20.03549656
110.2914267,20.02702257
110.3367925,20.05497152
110.3334878,20.0159404
110.3603823,19.98975671
110.3219698,20.00958604
110.3459642,20.02439535
110.3253316,20.023247
110.2978585,20.02618131
110.3173541,20.06328221
110.3308556,19.99783035
110.3282571,19.98510574
110.3447641,20.05640202
110.3008522,20.000264
110.2109555,20.05327499
110.2240917,20.04231694
110.3565434,20.02911435
110.4644469,19.94295838
110.2991246,19.99756353
110.3401256,20.06578022
110.3443903,20.06795221
110.3228351,20.06394945
110.3341629,20.06310019
110.3239583,20.03106711
110.3519224,20.0717822
110.3022353,20.02472206
110.244394,20.02194482
110.3140801,20.02570215
110.2891303,20.00921594
110.2491101,19.78208935
110.3112576,19.99556423
110.326449,20.02605821
110.3302911,20.01314215
110.3292201,20.02119288
110.3223184,20.02208476
110.3150252,20.02295513
110.3219136,19.99713079
110.3174197,20.03029479
110.3172367,20.01794387
110.3564595,20.01236857
110.326278,19.99518188
110.3131167,19.99574802
110.3181767,20.01704437
110.2867501,20.02744722
110.3581458,20.04017
110.3181372,20.02944074
110.3281162,20.02752925
110.2775042,20.0195112
110.3567015,20.04063065
110.3364555,19.99282959
110.3209233,20.04518256
110.2981171,20.02443445
110.3333934,20.02804663
110.313095,20.0292659
110.304344,20.02792819
110.3283977,20.06491765
110.3275818,20.03876359
110.2882141,20.00301501
110.2957675,20.02215218
110.349755,20.01003477
110.3328606,20.06675467
110.3128837,20.06301922
110.2989065,20.02676815
110.3201288,20.03030672
110.31992,20.03485689
110.3100456,20.00588597
110.3714931,20.01642884
110.3187096,19.99702474
110.3106684,20.02488465
110.3464329,20.02945772
110.3407436,20.02100701
110.3486485,20.02565366
110.303154,20.03529831
110.3419342,20.07534676
110.3154135,20.04099138
110.2631919,19.99648788
110.3492093,20.02544652
110.3602393,20.01338756
110.3234856,20.06475387
110.3521402,20.02850806
110.1499719,20.0400442
110.3372953,19.99783918
110.3136804,20.01807354
110.3311607,20.02161854
110.3355553,20.07340504
110.3333596,20.06520744
110.2873373,20.02592019
110.2183736,19.93183752
110.3239081,19.99829298
110.3588471,19.99015838
110.3363257,20.07040012
110.2806161,20.02244237
110.1920264,20.06094285
110.3466961,20.05389249
110.3088913,20.00013724
110.3136201,20.02561692
110.3196058,20.01384604
110.3213295,19.9838959
110.3176871,20.02967778
110.3236373,20.04399143
110.3446403,20.05773934
110.2300464,20.04092677
110.2475614,20.01595231
110.3214718,20.03131503
110.3169544,20.01636509
110.3192289,20.04608249
110.3101351,20.03160618
110.3351503,20.03238791
110.356648,20.03285829
110.3402965,19.98392603
110.3166579,20.01987055
110.3326832,20.00566939
110.3181967,20.01750072
110.3320253,20.07055138
110.2797078,19.99152066
110.3584302,20.00398851
110.3387674,20.03003725
110.3403198,20.03408065
110.3407644,20.02382532
110.3279403,20.05211696
110.3378515,19.99096142
110.3083301,20.02638003
110.2780064,20.0220468
110.3359593,19.99795078
110.351325,20.02568809
110.33455,20.06323356
110.3218909,20.03083884
110.3444136,20.0605821
110.3074629,20.02558989
110.3277937,20.01378145
110.3172598,20.03524419
110.2809669,20.01755693
110.282493,20.0126271
110.3474973,20.05661833
110.3401172,20.03486767
110.3228366,20.01571549
110.4479766,19.90817776
110.2980563,20.02242288
110.3344801,20.04528186
110.3567959,20.01195069
110.3370069,19.99906473
110.5424767,19.84636896
110.2933789,19.99783853
110.282412,20.01568574
110.2819436,20.01588944
110.2952014,20.02384244
110.3068331,20.02661884
110.2497608,20.02422729
110.3107539,19.9909533
110.3385598,20.01306446
110.2808144,19.99192179
110.2614282,19.89469101
110.3469157,19.9950853
110.3002535,19.99807115
110.2798741,20.02080982
110.3395296,20.05183882
110.3716778,20.01595623
110.3338183,20.01134696
110.3239783,20.03003722
110.3111483,20.02565543
110.2460334,20.0149503
110.328768,20.02291317
110.3155397,20.03101787
110.2980033,20.02489501
110.2838885,20.02333735
110.297717,20.0216858
110.3106412,19.98942423
110.3689978,20.01945843
110.3521103,20.02694981
110.3213079,19.99797864
110.3105769,19.99782232
110.2975115,19.98070707
110.3003912,19.9992399
110.3375031,20.03159883
110.3228861,20.04182907
110.3024524,20.0152158
110.341795,19.98803268
110.3673239,20.01368479
110.3357619,20.07184337
110.3294654,20.04315964
110.3414222,20.05827964
110.3194354,20.02907701
110.3402253,20.06694299
110.3453669,20.05496174
110.2820478,20.00914972
110.3455029,20.04767548
110.3419476,20.04694131
110.3266092,19.99696273
110.3256672,19.99709663
110.3403771,19.98867182
110.3173538,19.99312103
110.3437498,19.98890584
110.3463303,19.98866301
110.3287822,19.99884715
110.3330456,20.00074761
110.1863772,20.05972579
110.189013,20.06045914
110.3243181,20.00011271
110.3157423,20.06841142
110.299323,20.02182038
110.1904206,20.0588393
110.1885703,20.05802534
110.3410777,20.02406894
110.3102352,20.02621152
110.3238048,20.04792637
110.2824021,20.01375314
110.3412779,20.05074268
110.3401924,20.02841218
110.3005159,19.99993828
110.2957974,20.02321702
110.3606731,20.04041935
110.3582273,20.02702296
110.3235786,20.02242265
110.367256,20.03240042
110.3675987,20.0265291
110.3520802,20.01120479
110.336525,20.05740603
110.3088913,19.99964884
110.2009092,20.04511956
110.3557959,19.99045443
110.3372713,20.05723049
110.3567864,19.92449738
110.3009401,19.99867754
110.318901,19.99976065
110.3376599,19.99167737
110.3362871,19.98736837
110.3529654,19.99324638
110.2628781,19.99660013
110.2842096,19.99368132
110.3209821,20.00642127
110.3697965,20.01987377
110.3927544,20.00612098
110.2872344,20.00686349
110.2811726,20.01795603
110.34058,20.03998606
110.3204607,20.03674744
110.3334565,20.00437285
110.2941422,20.02510306
110.3553837,20.04807092
110.335591,20.0392868
110.2889619,20.00364154
110.3293676,20.02364464
110.3155818,20.02822748
110.2838432,20.01214211
110.3267219,20.03582379
110.2939885,20.02384925
110.313682,20.024647
110.3551244,20.00606448
110.3424438,20.02241206
110.3207321,20.03678896
110.3175644,20.02900745
110.3282058,20.01155381
110.3289705,20.0429444
110.3218229,20.03242328
110.304092,20.00016856
110.3222034,20.06453613
110.2800141,20.01808641
110.3166681,20.03516623
110.2963936,20.01813089
110.3555665,20.04538941
110.3238049,20.06398864
110.2888248,20.02905383
110.3482576,20.03824179
110.2891875,20.02271608
110.3226273,20.02957039
110.3090429,20.00146107
110.3188683,20.01556785
110.3319521,20.0377254
110.3552382,20.00643861
110.3577849,20.01403186
110.3002382,20.00392904
110.3693201,20.02399579
110.3468923,20.04151891
110.287883,20.0155949
110.3056476,20.0254319
110.3464631,20.02499596
110.31343,20.03580372
110.2833928,20.01176733
110.3153601,20.03061988
110.2890467,20.02369609
110.304152,20.01593856
110.2879621,20.02905398
110.3196428,20.03032766
110.3368596,20.03097852
110.3079313,20.01912771
110.2783981,20.01836234
110.3060597,20.02597565
110.28356,20.0030659
110.2930664,20.01770649
110.3093684,19.99861613
110.2877335,20.02817055
110.3450847,20.03168397
110.1581635,20.02836202
110.3012317,19.97787779
110.3158891,20.02795869
110.3182051,20.02904028
110.2952335,20.02100603
110.319537,20.03120758
110.3496464,20.04577762
110.3223102,20.02660653
110.3336965,20.03383987
110.2941504,20.01937729
110.3509897,20.00508354
110.2905799,20.02999522
110.3155428,20.02992496
110.3090579,20.00086655
110.31868,20.02973697
110.2808101,20.01597479
110.277725,20.01789164
110.3316264,20.02638761
110.3581671,20.01428848
110.3608384,20.02854825
110.3336852,20.040005
110.2907932,20.01768971
110.2914874,20.03059245
110.3332438,20.06672592
110.3145899,20.02905399
110.2980134,19.98362771
110.306076,20.03926164
110.314064,20.02902693
110.3008802,19.99933218
110.3456128,20.06531785
110.2885366,20.02233664
110.3434102,20.03235455
110.298743,20.02356475
110.303732,20.03221678
110.3384618,20.03686441
110.2920525,20.02865104
110.3485692,20.05399028
110.319091,20.03135755
110.2847583,20.00316354
110.3545523,20.04845759
110.3299019,20.03441556
110.3504866,20.06544242
110.3091494,20.02662279
110.3122769,20.02593362
110.3160698,20.02587763
110.317893,20.02285473
110.3194716,20.02297387
110.3211505,20.03118653
110.3500831,20.01402252
110.2975985,20.01548083
110.3353354,20.00395494
110.2787926,20.01848704
110.3123417,20.00735107
110.3072711,20.00972405
110.3320227,20.04258629
110.3297665,20.02895829
110.3331243,20.04121506
110.2819201,20.00789883
110.3337381,20.03812934
110.3335595,20.03787547
110.3345024,20.03892656
110.3357979,20.0323997
110.3391616,20.03032968
110.3320937,20.04050644
110.2945425,20.02359121
110.3030985,20.00846211
110.3355553,20.07340504
110.3393021,20.03304567
110.338317,20.03879428
110.3510652,20.03171954
110.3308719,20.07012923
110.2861057,20.01456334
110.3573877,20.03234069
110.3427676,20.03275405
110.3405862,20.03507198
110.3216616,20.06473832
110.3206097,20.03009164
110.3349399,20.03080399
110.2939708,20.01866697
110.2972559,20.01936659
110.3291498,20.01128779
110.3326869,20.01021016
110.3515212,20.03282568
110.3366336,20.00124425
110.3404002,20.04347228
110.3499388,20.02598571
110.3577762,20.02704969
110.3582983,20.02507824
110.2817901,19.99200377
110.3525834,20.02710615
110.3527938,20.03034449
110.3509984,20.03010431
110.3457394,20.02926179
110.3439243,20.0474161
110.3021385,20.00493378
110.3191677,20.01457747
110.322616,20.01600114
110.3235123,20.01094124
110.3276102,20.03031653
110.3299089,20.03355683
110.3304027,20.03473187
110.3351811,20.03480085
110.3291696,20.03321996
110.3288144,20.03233391
110.3187011,20.02627506
110.3501126,20.04191362
110.356565,20.03599602
110.3570893,20.0313083
110.3317056,20.00078219
110.2815709,20.02112622
110.2843936,20.02649737
110.2842409,20.02575694
110.289932,20.02899929
110.3007572,20.00350485
110.3089458,20.02727269
110.2896911,20.03553804
110.2897031,20.03535187
110.3349293,20.00360042
110.3244533,20.00889575
110.3220574,20.03355578
110.3226475,20.02436503
110.325028,20.02933664
110.2766111,20.00324957
110.3492043,20.04548014
110.2996402,20.02686106
110.3707221,20.03969608
110.3183277,20.04907866
110.3355103,20.07445198
110.3335247,20.07436367
110.3487548,20.05356961
110.3376428,20.03265745
110.3604121,20.02968984
110.2483172,19.78204328
110.3366863,20.06239785
110.3327315,20.03660499
110.3017322,20.02640028
110.3371687,20.05409909
110.319435,19.99790911
110.3409268,20.02924251
110.3440549,20.07018766
110.3240647,20.01932115
110.3274433,20.03559322
110.3357,20.07255607
110.3196326,19.9964095
110.3202438,20.00640365
110.3289436,20.02231334
110.3058051,20.00955444
110.3231699,19.99442216
110.3720601,20.01917045
110.3330458,19.99707256
110.2081076,20.05271462
110.3514108,20.06479331
110.279167,20.02174335
110.3445555,20.05585794
110.3050756,20.00926845
110.3252996,20.06501364
110.3381739,19.98848976
110.3384693,20.02572415
110.3360671,19.99735508
110.3147117,20.02748046
110.2980971,20.02448853
110.3362484,20.00295139
110.3297793,20.07004024
110.3769389,20.02487286
110.3164052,20.02429669
110.3176104,20.02890528
110.3569386,20.03140062
110.3440803,20.06097202
110.3311134,20.01055544
110.3575933,20.05031626
110.3413637,20.01132983
110.3283116,20.07059749
110.3053689,20.0295488
110.3720233,20.01681254
110.3263791,20.02693507
110.3038247,20.03606382
110.3179918,20.02439883
110.215329,19.85606894
110.3407491,20.06830915
110.3538697,20.06764455
110.3417345,20.02024556
110.3173666,20.01515431
110.1947182,20.05944324
110.6793956,19.80229849
110.3317635,20.03815511
110.3314063,20.03821584
110.3377089,20.02664433
110.3574116,20.03188027
110.3308313,20.02552541
110.331588,20.037613
110.3441451,20.02339979
110.3141836,20.0309353
110.3378079,20.04224709
110.3240309,20.03635936
110.3242742,20.0006012
110.3491224,20.04685742
110.3227529,20.0331231
110.3351424,20.03173939
110.3367183,20.0418468
110.3185795,20.00397976
110.3277972,20.00313559
110.3258883,20.02513651
110.3247363,20.01652555
110.3208013,20.01168599
110.3234143,20.01610672
110.337375,20.00193243
110.3285974,20.02167947
110.3386322,20.0020792
110.3360327,20.00566105
110.3361715,20.00516537
110.3440551,19.98829878
110.33715,20.06831685
110.3253663,20.00850369
110.3189296,20.00683848
110.3328267,20.02724905
110.2888248,20.02940813
110.3418281,20.02287657
110.3386706,20.03035061
110.3178099,20.0301049
110.338693,20.00343922
110.3450608,20.01037532
110.3069305,20.01679652
110.366073,19.99448751
110.3509616,19.99008113
110.3107696,19.99635576
110.3449004,20.00596194
110.3629927,19.98679241
110.305555,20.00059542
110.2927299,20.00017441
110.3048951,20.00638836
110.3593126,20.02167886
110.3727664,20.03048002
110.2767511,19.99962642
110.2851299,20.00004649
110.3557707,19.99487614
110.3077591,20.02969378
110.34111,20.03519325
110.344418,20.05301484
110.3393276,20.00274846
110.3297024,20.03294372
110.3224094,20.03759046
110.3253309,20.03700942
110.2599657,19.99868213
110.2625816,20.00983828
110.2535326,20.01327794
110.2778789,20.01594386
110.3238226,19.99140842
110.3254901,19.98871801
110.2648039,20.01313787
110.3230846,20.02462042
110.3102006,20.0187694
110.3272214,20.02423422
110.3321979,20.03208125
110.3353372,20.02564396
110.3423275,20.03253167
110.3482774,20.02221646
110.3394071,20.06820155
110.3161616,20.0274978
110.3456538,20.006456
110.3596719,20.00264449
110.2826956,20.01468858
110.2825049,20.01473584
110.3458432,20.02801857
110.3578651,20.02509393
110.3009428,20.02470917
110.2783703,20.0153919
110.2803093,20.00555768
110.2875613,19.99908861
110.312097,20.03193393
110.3465718,20.06529112
110.3725539,20.02836952
110.3044015,20.03678845
110.357897,19.98881874
110.320748,20.01961068
110.3137299,20.02562472
110.3651847,20.02911148
110.2777409,20.01841005
110.365976,20.01679117
110.3618495,20.00978317
110.3618943,20.01357025
110.2973411,20.01267489
110.2950837,20.00201948
110.2974051,20.01176003
110.3235763,20.00871327
110.3205728,20.06954233
110.287604,20.02245897
110.2827822,20.02054434
110.3304561,20.06440731
110.3220658,20.06411604
110.3360669,20.05793433
110.3321197,20.03912924
110.3321595,20.04073049
110.3038937,20.03241668
110.3765079,19.99738746
110.2899185,20.02046922
110.3171706,20.04312489
110.3200552,20.06310901
110.3224618,20.04687905
110.3208733,20.04749657
110.3487934,20.04041966
110.3494002,20.04032853
110.3029826,20.01125263
110.3495311,19.99809123
110.3117495,20.01740449
110.3109671,20.01743092
110.3480387,20.00714435
110.3537888,20.04993507
110.3633702,20.04139521
110.3716879,19.99558829
110.3551051,19.99355512
110.362957,20.00065198
110.3784731,19.98160841
110.3368677,19.98901064
110.2911369,20.03180295
110.3220909,20.02087219
110.3721361,20.0365628
110.3499779,20.02225855
110.3217796,20.00182895
110.3185942,20.02932479
110.357574,20.03867565
110.3348603,20.02515546
110.3004391,20.01857289
110.3721164,19.99281849
110.3503486,20.01297119
110.3522548,20.07029142
110.3415244,20.06844383
110.3266176,19.98895206
110.3593954,20.04124396
110.307403,20.00630198
110.3304519,19.99073022
110.3499983,20.05137565
110.332613,20.06886487
110.3328735,20.06795263
110.3691725,20.02098547
110.3472709,19.99519777
110.3605799,19.99048602
110.3329413,20.05034497
110.3437784,20.05285887
110.2804896,20.0160472
110.3369338,20.06240539
110.3450122,19.98590007
110.3464479,19.99002793
110.3181882,20.02643615
110.3334603,20.06596188
110.3622237,20.01218762
110.4977714,20.02038914
110.3328539,20.02369604
110.3253743,20.00941543
110.3356464,20.04874453
110.3318207,20.05223666
110.3337416,20.01004102
110.3337334,20.05311576
110.2956646,20.02369762
110.3333254,20.01293421
110.328337,20.00267018
110.3452912,20.05239976
110.3487804,20.04062986
110.3331305,20.00002485
110.3184955,20.0072006
110.3058647,20.01476967
110.3347666,20.02431994
110.3215057,20.03053932
110.3464721,20.04419787
110.346116,20.04014815
110.3488949,20.04631637
110.3450845,20.05388336
110.3669064,20.01623646
110.3347065,20.0082487
110.3398127,20.03872143
110.3269736,20.06995051
110.3350658,20.00628539
110.3546249,19.99584881
110.3387866,20.02581463
110.3664124,19.99361232
110.3385462,20.02489432
110.3400347,20.02920513
110.3059035,20.01734375
110.2966163,19.99669673
110.3001498,19.99546915
110.3429417,20.00482053
110.356676,19.99350856
110.3564037,19.9918316
110.3500365,19.98907287
110.2880404,20.02140552
110.2826115,20.02045146
110.2816538,20.02045757
110.3703152,19.9915626
110.3769384,19.99628811
110.3252786,20.06437515
110.295571,20.0190469
110.3446722,20.05694263
110.3632728,20.03242491
110.3132748,20.02608694
110.3242851,20.00145188
110.3199447,20.00102575
110.3174546,20.06915286
110.3366819,20.07122513
110.347926,20.02469313
110.3151378,20.02765683
110.3156108,20.02730166
110.3139115,20.02610079
110.3171832,20.02991191
110.365968,19.99769131
110.3578837,20.03252807
110.2927527,19.98309219
110.3584104,20.03832806
110.2992195,20.01662523
110.3217481,19.99325489
110.3027748,20.01374805
110.2831561,20.0118687
110.2824073,20.00946857
110.3503576,20.03319397
110.3548547,20.02920815
110.3551641,20.04880789
110.3341919,20.02426298
110.317727,19.99270799
110.3398446,20.03957208
110.3284736,20.02360931
110.3286272,20.02550459
110.3247826,20.02900583
110.3398985,20.03943386
110.3240262,20.06886423
110.3223713,20.02134905
110.3129007,20.02481956
110.3275964,20.06472802
110.3234848,20.0423894
110.3206069,20.06640668
110.3356082,20.03483207
110.3348764,20.00411194
110.321357,20.03201783
110.2893292,20.02541513
110.3369653,20.03204721
110.310149,19.99383777
110.3087926,19.9983189
110.3070981,19.99848201
110.3047766,19.99996223
110.3028052,20.00551515
110.3032302,20.00973695
110.2990107,20.00036504
110.295114,20.01552266
110.2974268,20.01606057
110.2968378,20.01720744
110.2954353,20.01715553
110.284554,20.01488253
110.2834467,20.01267302
110.2835895,20.01255375
110.2822485,20.01016233
110.281866,20.01028587
110.2827287,20.01183517
110.3498566,20.03247023
110.3230685,20.04568492
110.2808434,20.00940028
110.1928481,20.05579803
110.1883718,20.060472
110.316437,20.02598304
110.3176699,20.03525544
110.3154832,20.02423235
110.3357986,19.999059
110.3299695,20.07691452
110.3518758,20.00831973
110.3515383,20.01147893
110.3292458,20.06359595
110.3396393,20.03401685
110.3282581,20.02319938
110.3113539,20.02599734
110.2830672,20.01281559
110.3497119,20.03258357
110.2857259,20.02128039
110.3358259,20.05062474
110.3499484,20.01338022
110.3359487,20.04880301
110.2806066,19.99247448
110.2831996,20.00214757
110.3521192,20.02800067
110.3379255,20.02590031
110.3564857,20.02699969
110.3287156,20.01362956
110.2968047,20.02056027
110.3514029,20.024537
110.2949158,20.02623986
110.1942974,20.05942651
110.3534053,20.03522352
110.3249036,20.04233065
110.3289324,20.06589444
110.3334415,20.06262216
110.3236071,20.03057937
110.3137205,20.03348927
110.3582951,19.99064964
110.3713758,20.00639064
110.1880754,20.05772621
110.2995443,20.02763685
110.3489887,20.00860691
110.286867,20.02553548
110.2874962,20.02234502
110.3393929,20.05149879
110.2886574,20.00188048
110.3444418,20.05467016
110.330507,20.02598941
110.3226243,20.02992669
110.3008572,20.0006363
110.3608586,20.04325142
110.3375919,20.05255502
110.3745886,20.03390783
110.3184654,20.02997257
110.3537439,20.03018478
110.3495386,20.04586488
110.2970182,20.00356682
110.3257058,20.02358157
110.3600489,19.98982327
110.3412341,20.0299145
110.3503909,20.02606099
110.3366571,20.03012419
110.3199628,19.99880787
110.335594,20.03795669
110.2931675,20.03084225
110.3437001,20.06116887
110.2778207,20.02105717
110.3170618,20.02369097
110.3331677,20.01323576
110.3487303,20.02558446
110.3605779,19.99030887
110.3054768,20.02839165
110.3180995,20.02512623
110.3189443,19.99308102
110.3197914,19.99350679
110.3150804,20.01781176
110.3608714,20.02668166
110.2617596,19.99960315
110.289453,20.02404283
110.2888848,20.02739037
110.286886,20.02581669
110.2861303,20.02167421
110.340091,20.03957062
110.2864814,20.00954969
110.3505046,20.02615388
110.3458894,20.02238281
110.2923611,20.02735152
110.3077114,20.00683588
110.2808984,20.00953133
110.4611506,19.94236977
110.4513769,19.94184222
110.4699177,19.94346594
110.4735808,19.94281027
110.3451543,20.05518131
110.3644229,20.02961996
110.3369908,20.00190412
110.312523,20.03291597
110.3473838,20.03211524
110.3067563,20.02583032
110.2954083,20.01848167
110.292669,20.01821349
110.2809451,19.99374116
110.2881675,20.01552747
110.3160128,20.02922852
110.3428616,20.06620855
110.3226834,20.00686142
110.3497372,20.06456198
110.3128516,20.0282455
110.3326247,20.01656756
110.3355436,20.01007364
110.3338558,20.00019762
110.3396515,20.02961318
110.3587482,19.99110332
110.3597574,19.9907795
110.3626312,19.98900877
110.3582064,19.98781142
110.3599052,19.98918595
110.3610999,19.99042519
110.3690372,19.99202958
110.3699827,19.99194033
110.3165348,20.0460515
110.3211297,20.04780634
110.3319561,20.03863915
110.3447746,19.98829348
110.3411893,19.98911469
110.3456009,20.04418541
110.3342417,20.04523628
110.303351,20.00792124
110.279049,20.0051637
110.3023262,20.02360198
110.3254363,20.06487526
110.2944609,20.01898251
110.3694999,20.02267446
110.3348241,20.05024732
110.2978004,20.02915587
110.3247851,19.97924349
110.3067547,20.0189386
110.3221147,20.04488006
110.316134,20.00065856
110.3096557,20.02070298
110.3428556,19.98984024
110.3012864,20.01990662
110.3017236,20.01876896
110.3338791,19.99440076
110.3361161,19.99440954
110.3297707,20.00546677
110.3351528,20.00274628
110.1898117,19.97680115
110.3403941,20.02480181
110.3096652,20.03017282
110.3283957,20.0258253
110.3306154,20.03281888
110.3410436,19.98797701
110.3243836,20.06428178
110.3605573,20.00164232
110.3461794,19.99194901
110.3570544,19.9924711
110.3194269,19.99980871
110.3164339,20.02816085
110.2793488,20.0199857
110.3554297,20.02742774
110.3340005,20.03954702
110.2809529,20.01645002
110.2782004,20.01799224
110.317301,20.03007283
110.3291391,20.02409645
110.3146538,20.02683604
110.3292119,20.02485494
110.2976503,20.01748241
110.2935864,20.01919697
110.3374851,19.99455609
110.3343257,20.00138972
110.3345819,20.02524205
110.3415086,19.98867874
110.3293705,20.02558925
110.3634887,20.00759699
110.2950647,19.98290163
110.3000021,19.97483226
110.309547,20.01955822
110.3409416,20.03139627
110.3313086,20.03684489
110.3555222,19.99593442
110.2992321,20.02283236
110.3345267,19.99354282
110.2893741,20.02493067
110.3455119,20.02834343
110.3282118,20.06934365
110.2920141,20.01816739
110.3972695,20.02700094
110.3220298,20.02729364
110.2935455,20.01883073
110.3662137,19.99444228
110.3422087,20.05427389
110.3214421,20.02629892
110.3508194,19.99827117
110.3576406,19.98543833
110.3033717,20.0127192
110.3149627,20.03516638
110.3055347,20.02795519
110.3796601,19.99060077
110.2871665,20.00617601
110.4090976,20.06271004
110.3635199,19.98343287
110.3535712,20.03048731
110.3307942,20.0097844
110.3360297,20.00580017
110.3639149,20.00938487
110.3489857,20.00794937
110.3301839,20.02159738
110.293005,20.02648587
110.3611123,20.05903809
110.3060776,20.00925272
110.3002976,20.03212337
110.3003779,20.02491425
110.3388081,20.05483263
110.2979616,20.02113996
110.3357634,20.06140076
110.3697356,20.02049136
110.2991241,20.0271341
110.3460248,20.0285617
110.2956577,19.98143752
110.3040372,20.01648821
110.2916362,20.03015187
110.2966529,20.02196067
110.2972798,20.021109
110.2929225,20.01998159
110.3068032,20.02713332
110.352134,20.07067493
110.3341167,20.01074689
110.2816191,20.0147949
110.1970174,20.01361912
110.3337087,20.02830125
110.3758884,20.0232636
110.3288561,19.97893948
110.3444785,20.05982135
110.340927,19.98550718
110.3390417,20.05136834
110.2885138,19.9984198
110.283198,20.01340392
110.29663,20.02053252
110.2961918,20.02081442
110.3211219,20.02451304
110.3192564,20.01572626
110.3258623,20.04501905
110.3216795,20.00885998
110.2959411,20.02302564
110.3000846,20.02150289
110.3052864,20.00437903
110.2857767,20.00421515
110.3243429,20.02190977
110.3220064,20.01615142
110.3258977,20.01776637
110.3290854,20.02047654
110.2980602,20.02453963
110.3215218,20.00854302
110.2877395,20.00927484
110.2898471,20.00991955
110.3009858,20.02282453
110.288089,20.00914127
110.3047432,20.0097334
110.297145,19.98358803
110.3571911,20.01248251
110.2927718,20.0188869
110.3344568,20.03353217
110.341599,20.03561156
110.3411085,19.98867748
110.333642,20.06480758
110.2954139,20.02529232
110.3350056,19.99382715
110.3646985,20.00921163
110.3410912,20.07058139
110.3396993,20.07093425
110.2893989,20.00927763
110.3496469,20.0158568
110.3378791,19.97831086
110.3941668,19.97991569
110.3951562,19.97920678
110.3417337,20.03520197
110.3305652,19.97952771
110.3380417,19.97897511
110.3375548,19.97897302
110.3278773,19.97904143
110.3371479,19.97354228
110.3517231,20.00818388
110.3348458,20.01581072
110.3711766,19.99788181
110.3712565,19.99592308
110.244162,20.02021734
110.3642569,20.03533794
110.3318488,20.01065012
110.3274741,20.05679371
110.3225736,20.06403601
110.3206618,20.06433487
110.3800617,19.98983077
110.3416097,20.02054203
110.3417035,20.0201055
110.3393374,20.0259247
110.3424776,20.02444769
110.3285883,20.06421971
110.3157016,20.06454932
110.3195323,20.06410581
110.3253533,20.06797297
110.3158332,20.06738141
110.3157874,20.06559502
110.3214022,20.0647248
110.3384451,20.03098056
110.3401862,20.03234645
110.3393829,20.03318264
110.3388652,20.03135709
110.3321987,19.97845771
110.3405925,20.02905197
110.3564822,19.92151042
110.277512,20.00235294
110.3354473,20.00069903
110.3579952,20.03846282
110.1858599,20.04638982
110.1808686,20.04342916
110.3396726,20.02695493
110.2782679,20.00553081
110.2788832,20.02386541
110.4579668,19.9427015
110.3204134,20.06470064
110.3761524,19.9960337
110.342528,19.91848998
110.3294037,20.02137468
110.3584506,20.0144852
110.3595744,20.01579657
110.3722808,20.03791375
110.372797,20.03841757
110.3460385,20.03415432
110.3354437,20.03196501
110.3799511,19.98460353
110.3737494,19.98525834
110.3721498,19.98495092
110.3741378,19.98498769
110.3691476,20.00045645
110.3374582,20.03203728
110.3360303,20.03390451
110.2441942,20.01766723
110.2463243,20.01716819
110.3707099,20.04272961
110.3357058,20.05743059
110.3744878,19.99527885
110.3763002,19.99712946
110.3716689,19.99536813
110.3730668,19.99599203
110.3457488,20.02207781
110.3442728,20.02331849
110.3459633,20.02224356
110.3339181,20.01118663
110.3730227,20.0371943
110.3348815,20.0600373
110.3304397,20.05242345
110.360244,20.03751458
110.350696,20.01209087
110.2967986,20.02156912
110.3711306,20.03672012
110.3438706,20.00528723
110.3271316,19.98450538
110.3470687,20.06625503
110.3171755,20.06387403
110.3354823,20.05693661
110.3532449,20.00990476
110.3415055,20.06679651
110.3485436,19.9894858
110.3638605,20.03790462
110.3639072,20.04186584
110.3603209,19.97975149
110.2780133,20.00561114
110.3710886,19.97986996
110.3615093,20.04431833
110.3709049,19.97993023
110.3583563,20.04207825
110.365834,20.03871356
110.3415445,20.0658997
110.3660012,20.01106138
110.3402273,20.02910969
110.371304,20.02336983
110.3212304,20.0296441
110.2797552,20.02187483
110.330722,20.03542884
110.3367264,20.00235399
110.339172,20.00282481
110.3456719,20.00341144
110.3706709,20.00678682
110.3282809,20.06608384
110.3355205,20.03211599
110.2896255,20.02845025
110.3557853,20.04076122
110.3684954,20.0055425
110.2850136,20.02867442
110.323216,20.03042899
110.3467714,20.02590217
110.3626361,20.00994116
110.3483682,20.04239104
110.2844008,20.00348024
110.3018006,20.01609761
110.3466153,20.05394168
110.3391943,20.03378449
110.303108,20.03730405
110.3591916,20.04404459
110.3390836,19.9937084
110.3634427,20.00929847
110.3578135,20.03866327
110.3636144,20.01044217
110.2917722,20.006462
110.2926111,19.99994739
110.3490146,20.04651432
110.361155,20.04334905
110.3198546,20.00625126
110.3181771,20.02866502
110.3252427,20.0648386
110.3694426,20.00990393
110.291918,20.02471496
110.340435,20.00588602
110.2930558,20.02944425
110.3473564,20.04012593
110.3200423,20.00520403
110.3487084,20.02543138
110.3274254,19.99624457
110.3188707,20.0068516
110.3577044,19.98649311
110.3289692,20.01136419
110.3378863,20.03191037
110.3580972,20.01443972
110.2840052,20.00742099
110.410684,20.01946777
110.3479944,19.9954377
110.3442769,20.06117483
110.3192245,19.99701477
110.3220263,19.9969174
110.3304946,19.9957323
110.2803051,19.98999075
110.3548877,20.04759533
110.4113691,20.01919782
110.2926333,20.01529611
110.2962134,19.98752473
110.2978275,19.98788053
110.2979614,19.98569051
110.3056694,20.00794834
110.2986618,19.99075861
110.2988864,19.99133173
110.2997438,19.99138541
110.3090929,20.00037308
110.2993824,19.99246589
110.298984,19.9960485
110.3021744,20.0057594
110.3052742,20.00908196
110.2983094,19.99194816
110.3376809,19.99032321
110.3383645,19.98857548
110.2948094,19.99783341
110.3282045,19.97895873
110.325039,19.99001695
110.2948435,20.01389371
110.350972,19.98047213
110.2970153,19.98225412
110.2918183,19.98320161
110.2969453,20.0031646
110.2964802,19.98357604
110.2953503,19.98186133
110.2950939,19.97866106
110.2772291,20.00682393
110.3533897,19.98968972
110.3582707,19.98048124
110.2854853,20.0026302
110.2416988,19.99714352
110.2947784,19.9789818
110.2970613,19.98079684
110.2944959,19.98010015
110.2946375,19.98156315
110.3093951,20.00413767
110.3162315,20.00711174
110.3677924,20.02790799
110.2929149,19.99256982
110.3165469,20.02484389
110.3166705,20.0068377
110.3307259,19.99921875
110.331211,19.9954567
110.311515,19.99689287
110.3334739,19.99676749
110.3328592,19.99710294
110.3362883,20.00334164
110.3211435,20.03119055
110.3007933,20.00119887
110.3008682,19.99951435
110.3231001,19.99363964
110.3230333,19.99392901
110.3181907,19.99675449
110.2830286,20.00605902
110.3153239,19.99692795
110.3185959,19.99637441
110.282864,20.00305471
110.2816,19.99847436
110.3423179,19.98822488
110.346459,19.98885794
110.3379123,19.99138666
110.3444175,19.98485827
110.3474968,19.98882408
110.2806482,19.99857851
110.3243862,19.99540867
110.3252362,19.9970324
110.2962058,19.99972588
110.3594814,20.0377069
110.302857,20.00797111
110.2961328,19.98331336
110.3097227,19.99784887
110.3005968,19.99786742
110.3003832,19.99940305
110.3145129,19.99271094
110.2976159,20.02676717
110.3272051,20.03061755
110.3528428,20.04729846
110.3150467,19.9929952
110.2908078,20.00539847
110.2905562,20.00610941
110.349771,20.04706847
110.3272989,20.03050528
110.3495476,20.04577179
110.3346153,19.97858023
110.3463992,20.02558557
110.3461308,20.02437804
110.343534,20.03238936
110.2589919,20.00552717
110.2794117,20.02103651
110.261875,20.01087247
110.2586789,20.0076
110.3589912,20.04049296
110.3721034,20.03130848
110.3744928,20.03356765
110.3735761,20.03392496
110.3615435,20.04057218
110.3716062,20.02972075
110.372333,20.0323851
110.3744918,20.03343454
110.3152437,20.04430744
110.3926756,20.02206126
110.3927875,20.0224065
110.3968746,20.01109081
110.3953763,19.99541817
110.3593773,19.98573089
110.3404798,19.98867764
110.3598289,19.99628096
110.3636647,19.9831144
110.3588563,19.98603394
110.3456428,20.0440242
110.3457027,20.04422426
110.2483985,19.99297328
110.3153426,20.04108058
110.3138438,20.04194805
110.3134956,20.04083577
110.3346401,20.0394087
110.2332934,19.98111829
110.3368951,20.03896408
110.3597823,19.99012392
110.3368454,19.99758681
110.3601157,19.99002834
110.3570794,19.99177648
110.3496123,19.99053481
110.3577378,19.99758427
110.3446011,19.98483593
110.2617895,20.00123449
110.2619425,20.00093117
110.2597765,20.00396459
110.3396839,20.03924811
110.3966356,20.01301346
110.252589,20.01022852
110.2579002,20.0082678
110.2477903,20.01646276
110.347221,19.99679419
110.3446879,20.0058122
110.344185,20.00535372
110.3331972,20.04072852
110.2539595,20.01327687
110.2539646,20.01050457
110.2544326,20.00739191
110.2588604,19.99716427
110.2574993,20.01156667
110.3047372,20.02917556
110.3417836,20.03550914
110.3398588,20.0340855
110.3481292,20.0318297
110.348206,20.03245508
110.3060071,20.03952498
110.3667648,19.99455664
110.3438515,19.99019673
110.3622147,20.01361983
110.3375521,19.9914694
110.3452757,20.00393658
110.3700118,20.00932073
110.3457827,20.00279272
110.3452957,20.00324998
110.346726,19.99778389
110.3145267,20.0354244
110.3392713,19.99164934
110.3565459,20.0002944
110.2594051,19.9973082
110.3288218,20.06287116
110.3217795,20.06279249
110.3272753,20.0620184
110.329241,20.06094076
110.3592074,19.99089244
110.3681815,20.01345448
110.3688394,20.01376189
110.3742464,20.02834859
110.3669716,20.01122821
110.36274,20.00839072
110.3466698,20.04186359
110.3489181,20.04228299
110.2886491,20.02813531
110.3273342,19.98449799
110.2820316,20.01316308
110.3461061,20.02099327
110.2777468,20.0016271
110.3675346,20.01183398
110.338709,20.00262951
110.2942264,19.97773859
110.3097168,19.9776451
110.2772727,20.01517783
110.2764866,20.01515959
110.2772318,20.01251266
110.2892014,20.02487586
110.3548598,19.99008764
110.3489017,20.06932335
110.3463542,20.06586898
110.3621908,20.01229176
110.3655808,20.01356903
110.3675473,20.01660893
110.3457235,20.06582107
110.3640066,20.01166163
110.3659222,20.01340343
110.3661406,20.01747652
110.3329215,20.06703078
110.3779129,19.98121263
110.4055795,19.99327766
110.3665681,20.01382491
110.369192,20.0100994
110.3750219,20.01655095
110.2975837,20.03247396
110.2580754,20.02250959
110.2761132,19.9918756
110.3786597,20.02231105
110.3737038,20.01746515
110.3753864,20.01703296
110.3702164,20.01082173
110.3768551,20.02227279
110.3526749,20.05203465
110.3287491,20.06074754
110.3356838,20.0003593
110.2798102,20.02158954
110.2763949,19.99152504
110.2879375,20.00312547
110.285159,19.99852519
110.2874555,19.9983151
110.2857049,20.00287312
110.3376737,20.03241319
110.3367349,20.03019611
110.1872228,19.98011126
110.2844176,20.00721132
110.2877615,20.00915471
110.2779272,20.00780305
110.285518,20.00732606
110.3284667,20.06093524
110.3444727,20.05692497
110.3448299,20.05690231
110.2760829,19.99967711
110.342692,20.06632295
110.3427423,20.05840033
110.3323893,20.05441438
110.1871781,20.0514494
110.280179,19.99538737
110.2873258,19.99559001
110.2868076,19.99544155
110.3449327,20.05587928
110.3419142,20.05646124
110.3420598,20.05840458
110.3416472,20.06762493
110.3812564,19.98664007
110.3405895,20.06660804
110.3377008,20.0687712
110.321182,20.05914862
110.3424576,20.06411056
110.3283798,20.06369168
110.3401585,20.06652277
110.3233499,20.06534362
110.3108343,20.05873338
110.3658275,20.01060123
110.3365174,19.99160445
110.2947144,20.00109026
110.289881,20.01136771
110.2818688,20.01384283
110.2865774,20.02573702
110.2812872,20.02101544
110.2788524,20.02191482
110.3540523,20.02947668
110.3522371,20.0269446
110.2647243,19.98660886
110.3367334,20.00083672
110.3326486,19.9794737
110.3548168,20.02862973
110.3267375,19.98576618
110.2689759,19.98561134
110.3250495,19.97970837
110.3286314,19.98210153
110.3271874,19.98668309
110.3273762,19.98318983
110.3346454,19.99347254
110.3341267,19.99177711
110.2822227,20.00773835
110.2819191,20.00681693
110.2854992,20.02252471
110.2841859,20.00716956
110.3298022,20.03304361
110.3535911,20.05015558
110.2861392,20.0232405
110.2346404,20.03548926
110.2894919,20.02506362
110.3553118,20.04904284
110.2659178,19.97874665
110.3495767,20.04287033
110.3261655,20.02935649
110.3492883,20.04228535
110.3281719,20.03095899
110.3279584,20.03079626
110.2702247,19.98633103
110.2728453,19.98251777
110.2995533,20.02668705
110.2692327,19.98570524
110.3318317,20.07045867
110.352752,20.04734064
110.281994,20.00800183
110.2991012,20.02649261
110.2820679,20.00672468
110.3529065,20.03038933
110.2983446,20.02633067
110.2454325,20.01255822
110.330489,20.02619061
110.3323602,20.03764255
110.335291,20.03236963
110.3316364,20.02662479
110.2446389,20.02258441
110.2471033,20.01683901
110.2448499,20.02296176
110.2442279,20.02197381
110.3314064,20.03712594
110.244168,20.01979999
110.2826998,20.01247674
110.3340007,20.03452085
110.2794276,20.02187519
110.3468103,20.02549776
110.3529298,20.04395354
110.3540756,20.04248243
110.2993956,20.02677037
110.3281238,20.03444998
110.3465437,20.02922233
110.2901419,20.02488759
110.343516,20.03268363
110.3525705,20.04431144
110.3343078,20.03921116
110.3358985,20.03562318
110.2764733,20.00195263
110.346278,19.99547777
110.273314,19.97982613
110.3015091,19.99882774
110.2785694,20.00919555
110.1919363,19.98083023
110.2787484,20.00351965
110.2376814,19.9812818
110.33162,19.97715573
110.3373798,19.96587849
110.2839649,20.01482319
110.3583455,20.0389757
110.3081538,20.01977586
110.3435125,20.02334989
110.3333147,20.04505889
110.3289699,19.9772989
110.3255714,19.92018431
110.3629804,20.06967813
110.321965,20.00610916
110.2711292,19.99903088
110.1702416,19.97430969
110.2733407,19.98372635
110.3019752,19.97914462
110.3415892,20.03220575
110.3234367,20.06493211
110.2664922,19.96188933
110.159544,20.0302311
110.3492864,20.02013197
110.3481149,20.02063343
110.3321656,20.03849263
110.1916889,19.97998309
110.4574817,19.94538158
110.3369751,19.99769966
110.3323863,19.97825318
110.3679301,20.02797587
110.3336813,19.97951577
110.3407614,19.98543242
110.339158,19.98406726
110.2475356,20.03087871
110.2909189,19.99931626
110.3457869,20.01823755
110.3453986,20.00155138
110.2787434,19.98506632
110.2978796,20.02340597
110.3418864,20.07325813
110.2996793,19.98387728
110.3128685,20.02923429
110.2735736,19.98208478
110.3522917,20.07040945
110.3554793,19.99468545
110.354767,20.00806573
110.2785804,19.98911885
110.2759878,20.00230338
110.3095846,20.00544543
110.2760858,19.99995934
110.2834825,20.01479975
110.3709876,20.04133111
110.3800438,19.96968007
110.2763942,20.00561074
110.1782033,20.04687702
110.3532189,20.03002451
110.3329695,20.06373898
110.2758959,19.98397925
110.3185435,20.02551672
110.1876641,20.04879909
